{"global_step": 7999, "cls_loss": 0.0, "att_loss": 0.34720711526460946, "rep_loss": 0.540041780564934, "loss": 0.8872488944325596, "_timestamp": 1679942408.184107, "_runtime": 1802.3183059692383, "_step": 159, "_wandb": {"runtime": 1804}}