{"mcc": 0.33013641611743566, "acc": 0.7401725790987536, "eval_loss": 0.5397670648314736, "global_step": 1599, "cls_loss": 0.27016970593826023, "att_loss": 0.0, "rep_loss": 0.0, "loss": 0.27016970593826023, "_timestamp": 1679976527.943656, "_runtime": 283.64513993263245, "_step": 31, "_wandb": {"runtime": 283}}