{"global_step": 7999, "cls_loss": 0.0, "att_loss": 5.525388916954398, "rep_loss": 0.5612709496635944, "loss": 6.086659859865904, "_timestamp": 1679962023.3587298, "_runtime": 1761.8918797969818, "_step": 159, "_wandb": {"runtime": 1764}}