{"global_step": 7999, "cls_loss": 0.0, "att_loss": 550.406858086586, "rep_loss": 0.5973005904816091, "loss": 551.0041593313217, "_timestamp": 1679960248.1224723, "_runtime": 1768.175701379776, "_step": 159, "_wandb": {"runtime": 1770}}