{"global_step": 7999, "cls_loss": 0.0, "att_loss": 0.0046177895656001056, "rep_loss": 0.529059674590826, "loss": 0.5336774664465338, "_timestamp": 1679948500.985667, "_runtime": 1821.8440680503845, "_step": 159, "_wandb": {"runtime": 1824}}