{"global_step": 7999, "cls_loss": 0.0, "att_loss": 0.06186522181087639, "rep_loss": 0.5290966778993607, "loss": 0.5909618996083736, "_timestamp": 1679963797.0936303, "_runtime": 1760.8088653087616, "_step": 159, "_wandb": {"runtime": 1763}}