{"global_step": 749, "cls_loss": 0.0, "att_loss": 63965.97685319767, "rep_loss": 0.8746178654737251, "loss": 63966.851380813954, "_timestamp": 1679953815.5415611, "_runtime": 1168.3380432128906, "_step": 14}