{"mcc": 0.3257379617775925, "acc": 0.7392138063279002, "eval_loss": 0.5482751835476268, "global_step": 799, "cls_loss": 0.27052306617205996, "att_loss": 0.0, "rep_loss": 0.0, "loss": 0.27052306617205996, "_timestamp": 1679977312.1745565, "_runtime": 233.03545761108398, "_step": 15, "_wandb": {"runtime": 233}}