{"mcc": 0.28829259472164825, "acc": 0.7181208053691275, "eval_loss": 0.5788202285766602, "global_step": 799, "cls_loss": 0.27029852096764545, "att_loss": 0.0, "rep_loss": 0.0, "loss": 0.27029852096764545, "_timestamp": 1679948874.4762237, "_runtime": 243.58246278762817, "_step": 15, "_wandb": {"runtime": 243}}