{"global_step": 3099, "cls_loss": 0.0, "att_loss": 5815077.651234568, "rep_loss": 0.6596678506445002, "loss": 5815078.151234568, "_timestamp": 1679958046.2806578, "_runtime": 990.1044328212738, "_step": 61}