{"global_step": 1799, "cls_loss": 0.0, "att_loss": 6000767.175126904, "rep_loss": 0.7168312142343085, "loss": 6000767.687817259, "_timestamp": 1679954433.1598308, "_runtime": 575.5687239170074, "_step": 35}