{"mcc": 0.34470146250315514, "acc": 0.7449664429530202, "eval_loss": 0.5416369564605482, "global_step": 1599, "cls_loss": 0.2700506564363023, "att_loss": 0.0, "rep_loss": 0.0, "loss": 0.2700506564363023, "_timestamp": 1679976235.7554624, "_runtime": 286.8139305114746, "_step": 31, "_wandb": {"runtime": 286}}