{"global_step": 7999, "cls_loss": 0.0, "att_loss": 549.2062538862228, "rep_loss": 0.5976975224912167, "loss": 549.8039504289627, "_timestamp": 1679960689.0594504, "_runtime": 2549.0309343338013, "_step": 159, "_wandb": {"runtime": 2552}}