{"global_step": 7999, "cls_loss": 0.0, "att_loss": 0.34720711526460946, "rep_loss": 0.540041780564934, "loss": 0.8872488944325596, "_timestamp": 1679940226.5683086, "_runtime": 1812.3322637081146, "_step": 159, "_wandb": {"runtime": 1814}}