{"mcc": 0.3382393061253004, "acc": 0.7420901246404602, "eval_loss": 0.5384474920504021, "global_step": 1599, "cls_loss": 0.27021937930988055, "att_loss": 0.0, "rep_loss": 0.0, "loss": 0.27021937930988055, "_timestamp": 1679976826.5422723, "_runtime": 287.0475962162018, "_step": 31, "_wandb": {"runtime": 287}}