{"global_step": 7999, "cls_loss": 0.0, "att_loss": 54917.314376831055, "rep_loss": 0.6022903525736183, "loss": 54917.91677856445, "_timestamp": 1679963254.006145, "_runtime": 2553.3508439064026, "_step": 159, "_wandb": {"runtime": 2556}}