{"mcc": 0.31403563513642563, "acc": 0.7296260786193672, "eval_loss": 0.5511026156671119, "global_step": 799, "cls_loss": 0.2698961450243896, "att_loss": 0.0, "rep_loss": 0.0, "loss": 0.2698961450243896, "_timestamp": 1679943540.2417424, "_runtime": 169.08183646202087, "_step": 15, "_wandb": {"runtime": 168}}