{"mcc": 0.3067490054788977, "acc": 0.7315436241610739, "eval_loss": 0.5468856872934283, "global_step": 799, "cls_loss": 0.2704735637273429, "att_loss": 0.0, "rep_loss": 0.0, "loss": 0.2704735637273429, "_timestamp": 1679977068.361502, "_runtime": 229.86417603492737, "_step": 15, "_wandb": {"runtime": 229}}