{"global_step": 1199, "cls_loss": 0.0, "att_loss": 61505.06989503817, "rep_loss": 0.7831872979193243, "loss": 61505.853083253816, "_timestamp": 1679952052.2275922, "_runtime": 360.6826813220978, "_step": 23, "_wandb": {"runtime": 363}}