{"global_step": 7999, "cls_loss": 0.0, "att_loss": 5491728.111328125, "rep_loss": 0.6023421708960086, "loss": 5491728.611328125, "_timestamp": 1679965821.059039, "_runtime": 2551.8234090805054, "_step": 159, "_wandb": {"runtime": 2555}}