{"mcc": 0.325693501661788, "acc": 0.7401725790987536, "eval_loss": 0.5451791792204885, "global_step": 799, "cls_loss": 0.27068503555261864, "att_loss": 0.0, "rep_loss": 0.0, "loss": 0.27068503555261864, "_timestamp": 1679977556.332307, "_runtime": 229.78031706809998, "_step": 15, "_wandb": {"runtime": 229}}